<?xml version="1.0" encoding="UTF-8"?>
<CUSTOMCARVER><DATACARVER version="0.0.0.0"><ID>77007</ID><TYPE>2</TYPE><NAME>Bitcoin Core wallet.dat file</NAME><EXT><EXT_ID>0</EXT_ID><EXT_NAME>DAT</EXT_NAME></EXT><MAIN_SIG><OFFSET>8</OFFSET><NUM_BYTES>24</NUM_BYTES><SIG>000000006231050009000000002000000009000000000000</SIG></MAIN_SIG><AUTHOR>Gary C. Kessler</AUTHOR><DESCRIPTION>Bitcoin Core wallet.dat file</DESCRIPTION></DATACARVER><FTYPE>1003</FTYPE><MAX_SIZE>10000000000000</MAX_SIZE><MIN_SIZE>0</MIN_SIZE></CUSTOMCARVER>
