<?xml version="1.0" encoding="UTF-8"?>
<CUSTOMCARVER><DATACARVER version="0.0.0.0"><ID>77379</ID><TYPE>2</TYPE><NAME>Flexible Image Transport System (FITS) file</NAME><EXT><EXT_ID>0</EXT_ID><EXT_NAME>FITS</EXT_NAME></EXT><MAIN_SIG><OFFSET>0</OFFSET><NUM_BYTES>30</NUM_BYTES><SIG>53494D504C4520203D202020202020202020202020202020202020202054</SIG></MAIN_SIG><AUTHOR>Gary C. Kessler</AUTHOR><DESCRIPTION>Flexible Image Transport System (FITS) file</DESCRIPTION></DATACARVER><FTYPE>1003</FTYPE><MAX_SIZE>10000000000000</MAX_SIZE><MIN_SIZE>0</MIN_SIZE></CUSTOMCARVER>
