<?xml version="1.0" encoding="UTF-8"?>
<CUSTOMCARVER><DATACARVER version="0.0.0.0"><ID>77458</ID><TYPE>2</TYPE><NAME>Internet Explorer v11 Tracking Protection List</NAME><EXT><EXT_ID>0</EXT_ID><EXT_NAME>TPL</EXT_NAME></EXT><MAIN_SIG><OFFSET>0</OFFSET><NUM_BYTES>12</NUM_BYTES><SIG>6D7346696C7465724C697374</SIG></MAIN_SIG><AUTHOR>Gary C. Kessler</AUTHOR><DESCRIPTION>Internet Explorer v11 Tracking Protection List</DESCRIPTION></DATACARVER><FTYPE>1003</FTYPE><MAX_SIZE>10000000000000</MAX_SIZE><MIN_SIZE>0</MIN_SIZE></CUSTOMCARVER>
