<?xml version="1.0" encoding="UTF-8"?>
<CUSTOMCARVER><DATACARVER version="0.0.0.0"><ID>77096</ID><TYPE>2</TYPE><NAME>NOAA Raster Navigation Chart (RNC) file</NAME><EXT><EXT_ID>0</EXT_ID><EXT_NAME>BSB</EXT_NAME></EXT><MAIN_SIG><OFFSET>0</OFFSET><NUM_BYTES>16</NUM_BYTES><SIG>210D0A4352522F5468697320656C6563</SIG></MAIN_SIG><AUTHOR>Gary C. Kessler</AUTHOR><DESCRIPTION>NOAA Raster Navigation Chart (RNC) file</DESCRIPTION></DATACARVER><FTYPE>1003</FTYPE><MAX_SIZE>10000000000000</MAX_SIZE><MIN_SIZE>0</MIN_SIZE></CUSTOMCARVER>
