<?xml version="1.0" encoding="UTF-8"?>
<CUSTOMCARVER><DATACARVER version="0.0.0.0"><ID>77357</ID><TYPE>2</TYPE><NAME>Outlook-Exchange message subheader</NAME><EXT><EXT_ID>0</EXT_ID><EXT_NAME>MSG</EXT_NAME></EXT><MAIN_SIG><OFFSET>512</OFFSET><NUM_BYTES>20</NUM_BYTES><SIG>52006F006F007400200045006E00740072007900</SIG></MAIN_SIG><AUTHOR>Gary C. Kessler</AUTHOR><DESCRIPTION>Outlook-Exchange message subheader</DESCRIPTION></DATACARVER><FTYPE>1003</FTYPE><MAX_SIZE>10000000000000</MAX_SIZE><MIN_SIZE>0</MIN_SIZE></CUSTOMCARVER>
