<?xml version="1.0" encoding="UTF-8"?>
<CUSTOMCARVER><DATACARVER version="0.0.0.0"><ID>77234</ID><TYPE>2</TYPE><NAME>SAP PowerBuilder integrated development environment file</NAME><EXT><EXT_ID>0</EXT_ID><EXT_NAME>PBD</EXT_NAME></EXT><MAIN_SIG><OFFSET>0</OFFSET><NUM_BYTES>16</NUM_BYTES><SIG>4844522A506F7765724275696C646572</SIG></MAIN_SIG><AUTHOR>Gary C. Kessler</AUTHOR><DESCRIPTION>SAP PowerBuilder integrated development environment file</DESCRIPTION></DATACARVER><FTYPE>1003</FTYPE><MAX_SIZE>10000000000000</MAX_SIZE><MIN_SIZE>0</MIN_SIZE></CUSTOMCARVER>
