<?xml version="1.0" encoding="UTF-8"?>
<CUSTOMCARVER><DATACARVER version="0.0.0.0"><ID>77123</ID><TYPE>2</TYPE><NAME>Thunderbird-Mozilla Mail Summary File</NAME><EXT><EXT_ID>0</EXT_ID><EXT_NAME>MSF</EXT_NAME></EXT><MAIN_SIG><OFFSET>0</OFFSET><NUM_BYTES>19</NUM_BYTES><SIG>2F2F203C212D2D203C6D64623A6D6F726B3A7A</SIG></MAIN_SIG><AUTHOR>Gary C. Kessler</AUTHOR><DESCRIPTION>Thunderbird-Mozilla Mail Summary File</DESCRIPTION></DATACARVER><FTYPE>1003</FTYPE><MAX_SIZE>10000000000000</MAX_SIZE><MIN_SIZE>0</MIN_SIZE></CUSTOMCARVER>
