<?xml version="1.0" encoding="UTF-8"?>
<CUSTOMCARVER><DATACARVER version="0.0.0.0"><ID>77396</ID><TYPE>2</TYPE><NAME>Visual Basic User-defined Control file</NAME><EXT><EXT_ID>0</EXT_ID><EXT_NAME>CTL</EXT_NAME></EXT><MAIN_SIG><OFFSET>0</OFFSET><NUM_BYTES>8</NUM_BYTES><SIG>56455253494F4E20</SIG></MAIN_SIG><AUTHOR>Gary C. Kessler</AUTHOR><DESCRIPTION>Visual Basic User-defined Control file</DESCRIPTION></DATACARVER><FTYPE>1003</FTYPE><MAX_SIZE>10000000000000</MAX_SIZE><MIN_SIZE>0</MIN_SIZE></CUSTOMCARVER>
