<?xml version="1.0" encoding="UTF-8"?>
<CUSTOMCARVER><DATACARVER version="0.0.0.0"><ID>77360</ID><TYPE>2</TYPE><NAME>WinNT Registry-Registry Undo files</NAME><EXT><EXT_ID>0</EXT_ID><EXT_NAME>REG|SUD</EXT_NAME></EXT><MAIN_SIG><OFFSET>0</OFFSET><NUM_BYTES>7</NUM_BYTES><SIG>52454745444954</SIG></MAIN_SIG><AUTHOR>Gary C. Kessler</AUTHOR><DESCRIPTION>WinNT Registry-Registry Undo files</DESCRIPTION></DATACARVER><FTYPE>1003</FTYPE><MAX_SIZE>10000000000000</MAX_SIZE><MIN_SIZE>0</MIN_SIZE></CUSTOMCARVER>
