<TrID ver="2.00">
  <Info>
    <FileType>Visual Studio Solution subheader</FileType>
    <Ext>SUO</Ext>
    <User>Gary C. Kessler</User>
    <E-Mail>gck@garykessler.net</E-Mail>
    <Home>https://www.garykessler.net</Home>
  </Info>
  <General>
    <FileNum>577</FileNum>
    <Refine>Gary C. Kessler</Refine>
    <Date>
      <Year>2022</Year>
      <Month>4</Month>
      <Day>27</Day>
    </Date>
    <Time>
      <Hour>20</Hour>
      <Min>12</Min>
      <Sec>14</Sec>
    </Time>
    <Creator>GCK's convert_sigs v4.4.3</Creator>
  </General>
  <FrontBlock>
    <Pattern>
      <Bytes>FDFFFFFF04</Bytes>
      <Pos>512</Pos>
    </Pattern>
  </FrontBlock>
</TrID>
